"model","sensitivity","specificity","accuracy","ntree","model.time","seed","train.sample","test.sample"
"random forest","0.275966970882225","0.996737841043891","0.813377556661139","100","0.379000000000019","600",28941,9045
"random forest","0.280312907431552","0.996737841043891","0.814483139856274","100","0.230999999999995","601",28941,9045
"random forest","0.27683615819209","0.99658956109134","0.813488114980652","100","0.297000000000025","602",28941,9045
"random forest","0.27683615819209","0.997627520759193","0.814262023217247","100","0.245000000000005","603",28941,9045
